{
  "uniform": {
    "static": {
      "mean": 4.994929103124577,
      "std": 0.036317185328017386
    },
    "rl": {
      "mean": 5.01212703942437,
      "std": 0.0419437737322015
    }
  },
  "skewed": {
    "static": {
      "mean": 28.328780251833926,
      "std": 0.04109324156418306
    },
    "rl": {
      "mean": 17.85940340821552,
      "std": 0.03780407056550373
    }
  },
  "shifting": {
    "static": {
      "mean": 22.554608411671687,
      "std": 0.04181246905000501
    },
    "rl": {
      "mean": 22.236784812755296,
      "std": 0.04324989307477784
    }
  },
  "bimodal": {
    "static": {
      "mean": 9.343162488245191,
      "std": 0.04129547163950899
    },
    "rl": {
      "mean": 9.342152183581128,
      "std": 0.0457705602640658
    }
  }
}