{
  "Uniform": {
    "Unpartitioned": {
      "mean": 1.2276480777666172,
      "std": 0.6391697328711512,
      "p50": 1.1293217683263885,
      "p95": 1.5941315863512424,
      "p99": 2.8657690213788714,
      "total": 613.8240388833086,
      "count": 500
    },
    "Static (Hash)": {
      "mean": 0.9184454269707203,
      "std": 0.25714959596808373,
      "p50": 0.8580002468079329,
      "p95": 1.3289588037878255,
      "p99": 2.0886499434709545,
      "total": 459.22271348536015,
      "count": 500
    },
    "RL Agent (PPO)": {
      "mean": 0.9124385839300696,
      "std": 0.42870765613323375,
      "p50": 0.8223608057887759,
      "p95": 1.28366889729863,
      "p99": 2.2551560742296273,
      "total": 456.2192919650348,
      "count": 500
    }
  },
  "Gaussian": {
    "Unpartitioned": {
      "mean": 1.0796685362724674,
      "std": 0.2099507506786187,
      "p50": 1.0327896325478716,
      "p95": 1.3546124298636433,
      "p99": 1.9549653274125685,
      "total": 539.8342681362337,
      "count": 500
    },
    "Static (Hash)": {
      "mean": 0.8272780049592257,
      "std": 0.15060866797279213,
      "p50": 0.7931250147521496,
      "p95": 0.963058369234204,
      "p99": 1.791215874254703,
      "total": 413.6390024796128,
      "count": 500
    },
    "RL Agent (PPO)": {
      "mean": 0.9985820584197529,
      "std": 3.243436035270618,
      "p50": 0.7772443558613304,
      "p95": 1.325122851192718,
      "p99": 2.2192262457094554,
      "total": 499.29102920987646,
      "count": 500
    }
  },
  "Gaussian Range": {
    "Unpartitioned": {
      "mean": 7.9336240552219985,
      "std": 1.5737639208928378,
      "p50": 7.552371864928689,
      "p95": 10.240572966002425,
      "p99": 12.598405699513373,
      "total": 3966.8120276109994,
      "count": 500
    },
    "Static (Hash)": {
      "mean": 5.697334578260779,
      "std": 4.62416176247828,
      "p50": 5.205271067097783,
      "p95": 6.42016502097249,
      "p99": 8.780889036133884,
      "total": 2848.6672891303897,
      "count": 500
    },
    "RL Agent (PPO)": {
      "mean": 6.083056281320751,
      "std": 6.950120377812289,
      "p50": 5.226041655987501,
      "p95": 6.757150497287504,
      "p99": 31.43881788011611,
      "total": 3041.5281406603754,
      "count": 500
    }
  },
  "Bimodal": {
    "Unpartitioned": {
      "mean": 1.0513450165245477,
      "std": 0.2325327863039064,
      "p50": 0.9982403841204142,
      "p95": 1.294249759366049,
      "p99": 2.413647472688715,
      "total": 525.6725082622738,
      "count": 500
    },
    "Static (Hash)": {
      "mean": 0.9410606678575277,
      "std": 0.6044565833449044,
      "p50": 0.8193124085664749,
      "p95": 1.3657404342666193,
      "p99": 3.875292134471231,
      "total": 470.53033392876387,
      "count": 500
    },
    "RL Agent (PPO)": {
      "mean": 0.8354193587061716,
      "std": 2.561249392199306,
      "p50": 0.6864626976952423,
      "p95": 0.9177170198154636,
      "p99": 1.6303405948430294,
      "total": 417.7096793530858,
      "count": 500
    }
  },
  "Sliding Gaussian": {
    "Unpartitioned": {
      "mean": 1.0667481737889852,
      "std": 0.30703874516878693,
      "p50": 1.0018036892122866,
      "p95": 1.4039243024264174,
      "p99": 1.8636919278298358,
      "total": 533.3740868944926,
      "count": 500
    },
    "Static (Hash)": {
      "mean": 0.8154586562886834,
      "std": 0.2119059936759481,
      "p50": 0.7783751934766769,
      "p95": 0.9641533251851794,
      "p99": 1.7514466913416975,
      "total": 407.7293281443417,
      "count": 500
    },
    "RL Agent (PPO)": {
      "mean": 0.8672140017617493,
      "std": 2.5581283952180858,
      "p50": 0.6673029740341008,
      "p95": 1.0675160237587982,
      "p99": 2.390295858494936,
      "total": 433.6070008808747,
      "count": 500
    }
  }
}