{
  "Uniform": {
    "Unpartitioned": {
      "mean": 16.725528346699196,
      "std": 5.0352752878195215,
      "p50": 16.444629070979083,
      "p95": 25.01545770508449,
      "p99": 33.902011786446195
    },
    "Static (Hash)": {
      "mean": 10.075923132960334,
      "std": 2.114422315170531,
      "p50": 9.607082668573959,
      "p95": 14.370916816270674,
      "p99": 16.418994913873373
    },
    "RL Agent (PPO)": {
      "mean": 6.221964249340048,
      "std": 1.6644968612415048,
      "p50": 5.837998214666859,
      "p95": 9.481040739767769,
      "p99": 11.816230366220282
    }
  },
  "Gaussian": {
    "Unpartitioned": {
      "mean": 16.631114421666723,
      "std": 5.155501812708468,
      "p50": 15.886709693418593,
      "p95": 25.710334082217404,
      "p99": 31.386244460795467
    },
    "Static (Hash)": {
      "mean": 10.101886500337965,
      "std": 2.0718156085563093,
      "p50": 9.69104970970044,
      "p95": 13.898752750877572,
      "p99": 16.019765053286207
    },
    "RL Agent (PPO)": {
      "mean": 6.1762651699161575,
      "std": 1.4837314583290393,
      "p50": 5.805383502310974,
      "p95": 8.911672053862738,
      "p99": 11.442165977436828
    }
  },
  "Gaussian Range": {
    "Unpartitioned": {
      "mean": 20.85702763842902,
      "std": 5.5143027158084434,
      "p50": 20.692662572596433,
      "p95": 30.724986235713757,
      "p99": 37.58171180361122
    },
    "Static (Hash)": {
      "mean": 14.240868236621884,
      "std": 2.5456599487170046,
      "p50": 13.938724977142456,
      "p95": 18.531996057495128,
      "p99": 23.187424426999435
    },
    "RL Agent (PPO)": {
      "mean": 8.458081147504679,
      "std": 1.6575150056834895,
      "p50": 7.962107175902396,
      "p95": 11.42140867904347,
      "p99": 14.430180531425599
    }
  },
  "Bimodal": {
    "Unpartitioned": {
      "mean": 16.836750770585912,
      "std": 5.246246983956714,
      "p50": 15.970677031332801,
      "p95": 26.357256890607186,
      "p99": 33.26416613467789
    },
    "Static (Hash)": {
      "mean": 10.11367309209409,
      "std": 2.301928754269573,
      "p50": 9.609979436788501,
      "p95": 14.43644088278795,
      "p99": 17.85159593229044
    },
    "RL Agent (PPO)": {
      "mean": 6.252842325612249,
      "std": 1.5427354921891827,
      "p50": 5.855873159857882,
      "p95": 9.45181411067606,
      "p99": 11.580736736590078
    }
  },
  "Sliding Gaussian": {
    "Unpartitioned": {
      "mean": 16.86781069411776,
      "std": 5.308052525351541,
      "p50": 16.187388628406786,
      "p95": 25.95381946020919,
      "p99": 35.486431137674224
    },
    "Static (Hash)": {
      "mean": 10.15700384090385,
      "std": 2.116555162628543,
      "p50": 9.725714912832483,
      "p95": 14.360910757362248,
      "p99": 16.414097464047195
    },
    "RL Agent (PPO)": {
      "mean": 6.1166299621233335,
      "std": 1.5707044561696777,
      "p50": 5.711106345697161,
      "p95": 9.121623308335014,
      "p99": 11.99811492324075
    }
  }
}