{
  "uniform": {
    "static": {
      "mean": 4.992849618893328,
      "std": 0.03946946739772535
    },
    "rl": {
      "mean": 4.993550534092497,
      "std": 0.03414881406774558
    }
  },
  "skewed": {
    "static": {
      "mean": 28.353434697254688,
      "std": 0.04371247443523033
    },
    "rl": {
      "mean": 17.86446075388246,
      "std": 0.04067807613287193
    }
  },
  "shifting": {
    "static": {
      "mean": 22.540402480082392,
      "std": 0.03831221197507807
    },
    "rl": {
      "mean": 22.21849369881924,
      "std": 0.04272371122192947
    }
  },
  "bimodal": {
    "static": {
      "mean": 9.342179568509023,
      "std": 0.035286187001021145
    },
    "rl": {
      "mean": 9.342243194998462,
      "std": 0.0406327795545275
    }
  }
}