{
  "mean_reward": 87.35547567689723,
  "std_reward": 1.729156045428827,
  "mean_length": 100.0,
  "action_distribution": {
    "0": 0,
    "1": 40,
    "2": 34,
    "3": 98,
    "4": 827,
    "5": 1
  }
}