{
  "Uniform": {
    "unpartitioned": {
      "mean": 19.27743792118641,
      "std": 5.471147304826976,
      "p50": 18.7537057231431,
      "p95": 29.462793966969496,
      "p99": 36.777336769303055,
      "min": 10.240967620876921,
      "max": 51.88942994635212
    },
    "static": {
      "mean": 12.645907624084527,
      "std": 2.2546822669342674,
      "p50": 12.284992413436608,
      "p95": 16.673399303102013,
      "p99": 20.539627791366346,
      "min": 10.010488943346848,
      "max": 28.25959717278484
    },
    "rl_agent": {
      "mean": 10.338644671499226,
      "std": 2.053805035977018,
      "p50": 9.866275448319573,
      "p95": 14.316366831507933,
      "p99": 17.012636066738782,
      "min": 8.004546977216238,
      "max": 19.340210802602446
    }
  },
  "Gaussian": {
    "unpartitioned": {
      "mean": 18.860853743733873,
      "std": 5.04810832047643,
      "p50": 18.226799618384323,
      "p95": 27.79569060475529,
      "p99": 35.07579727189874,
      "min": 10.014020680207496,
      "max": 43.25593708874151
    },
    "static": {
      "mean": 12.775213129015679,
      "std": 2.1999143032050017,
      "p50": 12.519099338128381,
      "p95": 17.019420457203672,
      "p99": 20.06276912374125,
      "min": 10.002341723030204,
      "max": 23.90571905128356
    },
    "rl_agent": {
      "mean": 10.202381628873624,
      "std": 1.9160454923743317,
      "p50": 9.748947170923213,
      "p95": 13.899107384076574,
      "p99": 16.421587916454563,
      "min": 8.006743948289385,
      "max": 18.990658271261193
    }
  },
  "Gaussian Range": {
    "unpartitioned": {
      "mean": 29.806335940543825,
      "std": 6.217840651166863,
      "p50": 27.85878451604975,
      "p95": 42.267937777259476,
      "p99": 51.750486487641126,
      "min": 21.278293162395347,
      "max": 72.60004998805012
    },
    "static": {
      "mean": 24.86892808761572,
      "std": 2.9086350122701656,
      "p50": 23.96351985519383,
      "p95": 30.927485703590616,
      "p99": 34.723144122702344,
      "min": 22.002501550118115,
      "max": 38.97291405654701
    },
    "rl_agent": {
      "mean": 21.170659459312766,
      "std": 2.257379788230487,
      "p50": 20.528081364213335,
      "p95": 26.120898375672486,
      "p99": 28.535462500578774,
      "min": 18.900459285555552,
      "max": 33.40698984914145
    }
  },
  "Bimodal": {
    "unpartitioned": {
      "mean": 18.827026594462186,
      "std": 4.602363345137959,
      "p50": 18.610996589857564,
      "p95": 26.549783215589773,
      "p99": 30.737769220795695,
      "min": 10.251945854289149,
      "max": 40.946225807311095
    },
    "static": {
      "mean": 12.659927054155986,
      "std": 2.272495488145519,
      "p50": 12.226752662510656,
      "p95": 17.0730344432131,
      "p99": 19.968008983362555,
      "min": 10.001866812988224,
      "max": 25.52718421799225
    },
    "rl_agent": {
      "mean": 10.25447018088794,
      "std": 1.9458535074326886,
      "p50": 9.690846054654722,
      "p95": 13.975184448586564,
      "p99": 16.297648643961217,
      "min": 8.006184441884074,
      "max": 20.816764179170313
    }
  },
  "Sliding Gaussian": {
    "unpartitioned": {
      "mean": 19.00370364599028,
      "std": 4.907789763628479,
      "p50": 18.45727660611751,
      "p95": 27.019907706880844,
      "p99": 34.24078574352835,
      "min": 10.317418005751046,
      "max": 49.12185015074372
    },
    "static": {
      "mean": 12.65286627587283,
      "std": 2.280973358131641,
      "p50": 12.227020568578926,
      "p95": 17.09475833811829,
      "p99": 19.679238984605,
      "min": 10.001468272863542,
      "max": 25.28289734217237
    },
    "rl_agent": {
      "mean": 10.168784456961541,
      "std": 1.8701819821433538,
      "p50": 9.591495925000833,
      "p95": 13.953650040205645,
      "p99": 15.935582041058534,
      "min": 8.003831269007001,
      "max": 18.47391686456877
    }
  }
}