{
  "uniform": {
    "static": {
      "mean": 5.006058656738024,
      "std": 0.03630657132295993
    },
    "rl": {
      "mean": 5.002906665417864,
      "std": 0.0482557539666281
    }
  },
  "skewed": {
    "static": {
      "mean": 28.314151709100205,
      "std": 0.044114050792058115
    },
    "rl": {
      "mean": 11.178065080721945,
      "std": 0.04142206490187938
    }
  },
  "shifting": {
    "static": {
      "mean": 22.555738547701186,
      "std": 0.0390187317389865
    },
    "rl": {
      "mean": 22.17580646489295,
      "std": 0.050401394324994894
    }
  },
  "bimodal": {
    "static": {
      "mean": 9.332506526104405,
      "std": 0.03734284084710848
    },
    "rl": {
      "mean": 9.337716253203373,
      "std": 0.04697585573368354
    }
  }
}