{
  "mean_reward": 89.3002591331236,
  "std_reward": 1.0613421289629121,
  "mean_length": 100.0,
  "action_distribution": {
    "0": 142,
    "1": 5,
    "2": 20,
    "3": 0,
    "4": 655,
    "5": 178
  }
}